"id","post_id","user_id","content","created_at","parent_id"
"41046880-8efa-4af4-9967-77cf04e85e84","13ee821d-cdc7-43cc-afeb-ce4b80391c46","91f7318a-67f5-446e-9fa8-a37e693bfcc4","Test","2026-08-01T09:22:45.876Z",""
"df22ff0e-7687-4d28-b481-aab29b45f601","13ee821d-cdc7-43cc-afeb-ce4b80391c46","91f7318a-67f5-446e-9fa8-a37e693bfcc4","Test 2","2026-08-01T09:24:11.272Z",""
"07cc4786-2996-46f7-a2f2-d00fe0ce8f82","13ee821d-cdc7-43cc-afeb-ce4b80391c46","91f7318a-67f5-446e-9fa8-a37e693bfcc4","Test","2026-08-01T09:34:00.765Z","df22ff0e-7687-4d28-b481-aab29b45f601"
"0fbbf8ea-e67e-4401-8dac-456c37f11556","13ee821d-cdc7-43cc-afeb-ce4b80391c46","91f7318a-67f5-446e-9fa8-a37e693bfcc4","Test","2026-08-01T19:10:45.151Z",""
"eda9fc1d-fb7e-4959-9c7f-30385ad8c60f","13ee821d-cdc7-43cc-afeb-ce4b80391c46","91f7318a-67f5-446e-9fa8-a37e693bfcc4","Test","2026-08-01T20:34:01.901Z","07cc4786-2996-46f7-a2f2-d00fe0ce8f82"
"f67579ef-e173-4664-bd72-65db34ee9fc5","13ee821d-cdc7-43cc-afeb-ce4b80391c46","91f7318a-67f5-446e-9fa8-a37e693bfcc4","Test","2026-08-01T20:34:15.089Z","07cc4786-2996-46f7-a2f2-d00fe0ce8f82"
"7e02a787-6e50-492e-ac71-f5df865ff87e","13ee821d-cdc7-43cc-afeb-ce4b80391c46","91f7318a-67f5-446e-9fa8-a37e693bfcc4","Test","2026-08-01T20:38:40.361Z","07cc4786-2996-46f7-a2f2-d00fe0ce8f82"
"0aec0e99-306b-4318-bb94-44774b02844a","13ee821d-cdc7-43cc-afeb-ce4b80391c46","91f7318a-67f5-446e-9fa8-a37e693bfcc4","Test 4","2026-08-01T23:56:07.836Z",""
"087c0826-972a-49ad-8982-3407369dadc8","68d7971d-b4d4-414e-ace6-c991f9736845","91f7318a-67f5-446e-9fa8-a37e693bfcc4","Test 123","2026-08-02T00:36:30.757Z",""
"f63cb5b2-f82f-4fad-bce0-559a816e6b9f","68d7971d-b4d4-414e-ace6-c991f9736845","91f7318a-67f5-446e-9fa8-a37e693bfcc4","Test 4","2026-08-02T00:36:40.200Z","087c0826-972a-49ad-8982-3407369dadc8"
"91a32ce8-6afb-4a4c-a498-ec0667b4d328","68d7971d-b4d4-414e-ace6-c991f9736845","91f7318a-67f5-446e-9fa8-a37e693bfcc4","Trs","2026-08-02T08:19:27.677Z",""
"101d2c6a-1d3f-4978-a1a8-45a50d5f20c9","68d7971d-b4d4-414e-ace6-c991f9736845","146af666-4ae8-4546-afac-e36f12dffabe","Hahaha","2026-08-02T08:28:28.588Z",""
"9178c25a-8768-49ac-9768-5c0a56f076a8","68d7971d-b4d4-414e-ace6-c991f9736845","146af666-4ae8-4546-afac-e36f12dffabe","Test","2026-08-02T14:33:40.472Z","087c0826-972a-49ad-8982-3407369dadc8"
"6c63b802-549d-423e-8307-f856f750ad1c","13ee821d-cdc7-43cc-afeb-ce4b80391c46","146af666-4ae8-4546-afac-e36f12dffabe","Test","2026-08-02T14:52:29.798Z",""
"e0764525-c04c-4a0c-b3b6-b1e6479b16b5","13ee821d-cdc7-43cc-afeb-ce4b80391c46","146af666-4ae8-4546-afac-e36f12dffabe","Test","2026-08-02T14:52:46.624Z","6c63b802-549d-423e-8307-f856f750ad1c"