"id","post_id","media_type","url","created_at"
"fb938317-b96d-4b70-b271-3758d215c735","372806b2-60f3-4b56-94e1-2440c0a8cb4a","IMAGE","https://images6.alphacoders.com/350/thumb-350-350482.webp","2026-08-02T00:20:06.451Z"
"a264f388-92ac-431b-9b75-074b9619683f","372806b2-60f3-4b56-94e1-2440c0a8cb4a","IMAGE","https://images6.alphacoders.com/350/thumb-350-350482.webp","2026-08-02T00:20:11.972Z"
"77bcd70a-37f6-4c56-807c-30e525c9d2cf","6e0809f6-65ff-4408-b639-b4dd80e84782","IMAGE","https://res.cloudinary.com/duzkwgevq/image/upload/v1785630106/muslim_app/posts/post_1785630104417.jpg","2026-08-02T00:21:48.381Z"
"30bcf46a-a894-450d-b77a-f4ea1e5d16c0","6e0809f6-65ff-4408-b639-b4dd80e84782","IMAGE","https://res.cloudinary.com/duzkwgevq/image/upload/v1785630108/muslim_app/posts/post_1785630106947.jpg","2026-08-02T00:21:48.381Z"
"a8ffdfb0-021f-4d0c-9af6-192b22423f79","94f0980f-6669-425d-b5ed-c461d844113e","IMAGE","https://res.cloudinary.com/duzkwgevq/image/upload/v1785630439/muslim_app/posts/post_1785630437251.jpg","2026-08-02T00:27:23.388Z"
"9a8faf4c-5bf1-4478-84c2-5faaca94a053","94f0980f-6669-425d-b5ed-c461d844113e","IMAGE","https://res.cloudinary.com/duzkwgevq/image/upload/v1785630440/muslim_app/posts/post_1785630439535.jpg","2026-08-02T00:27:23.388Z"
"ee51431e-d119-4ae6-a8c3-a16f321375b4","94f0980f-6669-425d-b5ed-c461d844113e","IMAGE","https://res.cloudinary.com/duzkwgevq/image/upload/v1785630442/muslim_app/posts/post_1785630440792.jpg","2026-08-02T00:27:23.388Z"
"99861135-fd9d-431f-8ce5-77ad2524bc7c","94f0980f-6669-425d-b5ed-c461d844113e","IMAGE","https://res.cloudinary.com/duzkwgevq/image/upload/v1785630443/muslim_app/posts/post_1785630442212.jpg","2026-08-02T00:27:23.388Z"
"d4e0c22c-2ac5-469b-becc-17007d3801f5","68d7971d-b4d4-414e-ace6-c991f9736845","IMAGE","https://res.cloudinary.com/duzkwgevq/image/upload/v1785630967/muslim_app/posts/post_1785630965797_wi06w.jpg","2026-08-02T00:36:11.696Z"
"1c83c3de-17e0-46f5-99c5-cd2c5efbf2ef","68d7971d-b4d4-414e-ace6-c991f9736845","IMAGE","https://res.cloudinary.com/duzkwgevq/image/upload/v1785630969/muslim_app/posts/post_1785630967884_kk1dk.jpg","2026-08-02T00:36:11.696Z"
"c28234cd-d4d9-4bec-ad6d-8c097e6aa659","68d7971d-b4d4-414e-ace6-c991f9736845","IMAGE","https://res.cloudinary.com/duzkwgevq/image/upload/v1785630970/muslim_app/posts/post_1785630969055_ssooh.jpg","2026-08-02T00:36:11.696Z"
"341707c6-7268-4984-ada3-3e197b521076","68d7971d-b4d4-414e-ace6-c991f9736845","IMAGE","https://res.cloudinary.com/duzkwgevq/image/upload/v1785630971/muslim_app/posts/post_1785630970423_4xovm.jpg","2026-08-02T00:36:11.696Z"
"935138d4-2e13-4b96-977c-8d589ff441c1","372806b2-60f3-4b56-94e1-2440c0a8cb4a","IMAGE","https://images6.alphacoders.com/350/thumb-350-350482.webp","2026-08-02T00:39:54.938Z"
"af62feae-a2a8-4f1f-b1a9-54d933734608","372806b2-60f3-4b56-94e1-2440c0a8cb4a","IMAGE","https://images6.alphacoders.com/350/thumb-350-350482.webp","2026-08-02T00:48:14.273Z"
"7630d934-6870-4c9d-a9a9-9b6d110e137c","372806b2-60f3-4b56-94e1-2440c0a8cb4a","IMAGE","https://images6.alphacoders.com/350/thumb-350-350482.webp","2026-08-02T00:51:14.346Z"
"3a6c25e9-598a-4367-ad55-59a8bfa476bc","372806b2-60f3-4b56-94e1-2440c0a8cb4a","IMAGE","https://images6.alphacoders.com/350/thumb-350-350482.webp","2026-08-02T00:51:25.682Z"
"41405506-f1fe-4ac9-815a-f6f8702d240c","372806b2-60f3-4b56-94e1-2440c0a8cb4a","IMAGE","https://images6.alphacoders.com/350/thumb-350-350482.webp","2026-08-02T00:56:27.851Z"
"b369d570-5839-43ed-9776-0f4194dbbf6b","372806b2-60f3-4b56-94e1-2440c0a8cb4a","IMAGE","https://images6.alphacoders.com/350/thumb-350-350482.webp","2026-08-02T01:25:33.102Z"
"b407ddd6-d1a8-4d05-8e65-8b5c860b67cd","372806b2-60f3-4b56-94e1-2440c0a8cb4a","IMAGE","https://images6.alphacoders.com/350/thumb-350-350482.webp","2026-08-02T14:22:50.384Z"
"ee4fb919-9b38-4d96-8289-5a6e87fc2830","372806b2-60f3-4b56-94e1-2440c0a8cb4a","IMAGE","https://images6.alphacoders.com/350/thumb-350-350482.webp","2026-08-02T15:04:05.894Z"
"16e37069-95ee-4184-b685-76d28710e773","372806b2-60f3-4b56-94e1-2440c0a8cb4a","IMAGE","https://images6.alphacoders.com/350/thumb-350-350482.webp","2026-08-02T15:19:49.174Z"
"fe326f2a-3e10-4784-8137-976aa2495043","372806b2-60f3-4b56-94e1-2440c0a8cb4a","IMAGE","https://images6.alphacoders.com/350/thumb-350-350482.webp","2026-08-02T21:44:20.543Z"
"c0f12a79-f555-47c9-84b1-f15195b4e98c","372806b2-60f3-4b56-94e1-2440c0a8cb4a","IMAGE","https://images6.alphacoders.com/350/thumb-350-350482.webp","2026-08-02T21:44:29.491Z"